{
    "ios": {
        "task": "mobile",
        "data_source": "ios",
        "total_samples": 238,
        "accuracy": 84.03361344537815,
        "early_exit_rate": 40.33613445378151,
        "early_exit_success_rate": 88.54166666666666,
        "avg_times": {
            "segmentation": 0.14814512869890997,
            "stage1": 0.31250750818172424,
            "stage2": 0.3320561887837258,
            "total": 0.79270882566436
        },
        "avg_flops_tflops": 10.571467233423343
    },
    "android": {
        "task": "mobile",
        "data_source": "android",
        "total_samples": 211,
        "accuracy": 86.25592417061611,
        "early_exit_rate": 51.18483412322274,
        "early_exit_success_rate": 92.5925925925926,
        "avg_times": {
            "segmentation": 0.1239428836587481,
            "stage1": 0.2917158049994735,
            "stage2": 0.1992612822925875,
            "total": 0.6149199709508091
        },
        "avg_flops_tflops": 7.368906589214622
    },
    "shop": {
        "task": "mobile",
        "data_source": "shop",
        "total_samples": 52,
        "accuracy": 76.92307692307693,
        "early_exit_rate": 44.230769230769226,
        "early_exit_success_rate": 78.26086956521739,
        "avg_times": {
            "segmentation": 0.1791381652538593,
            "stage1": 0.33604015753819394,
            "stage2": 0.3446619235552274,
            "total": 0.8598402463472806
        },
        "avg_flops_tflops": 13.098635245802273
    }
}