{
    "ios": {
        "task": "mobile",
        "data_source": "ios",
        "total_samples": 238,
        "accuracy": 86.1344537815126,
        "early_exit_rate": 0.0,
        "early_exit_success_rate": 0,
        "avg_times": {
            "segmentation": 0.14980679500002822,
            "stage1": 0.299686335715927,
            "stage2": 0.5289256522635452,
            "total": 0.9784187829795004
        },
        "avg_flops_tflops": 14.410918306261976
    },
    "android": {
        "task": "mobile",
        "data_source": "android",
        "total_samples": 211,
        "accuracy": 84.83412322274881,
        "early_exit_rate": 0.0,
        "early_exit_success_rate": 0,
        "avg_times": {
            "segmentation": 0.11688324738452785,
            "stage1": 0.28908866050684057,
            "stage2": 0.4073148790693961,
            "total": 0.8132867869607645
        },
        "avg_flops_tflops": 11.235725670123557
    },
    "shop": {
        "task": "mobile",
        "data_source": "shop",
        "total_samples": 52,
        "accuracy": 82.6923076923077,
        "early_exit_rate": 0.0,
        "early_exit_success_rate": 0,
        "avg_times": {
            "segmentation": 0.18464434605378371,
            "stage1": 0.34865981340408325,
            "stage2": 0.5872034613902752,
            "total": 1.1205076208481421
        },
        "avg_flops_tflops": 19.475373710395214
    }
}